Packet Count,Total Length,Avg Interval (s),Max Interval (s),Min Interval (s),Avg Length (bytes),Max Length (bytes),Min Length (bytes),Most Common Length (bytes),Label
8,958,0.6930795714285714,4.829743000000001,0.0002279999999998,119.75,193,74,74,Reddit
3724,3425019,0.0133191576685468,1.2733440000000016,0.0,919.7150912996776,14454,54,1510,Reddit
786,592867,0.592949,45.006885,0.0,754.283715,1514,74,1514,Wikipedia
1313,953966,0.0329563849085365,2.5985650000000007,0.0,726.5544554455446,1434,86,1434,ChatGPT
991,1182976,0.078634,16.110115,0.0,1193.719475,1514,74,1514,Wikipedia
1883,900887,0.0144601535600425,1.15137,0.0,478.4317578332448,16460,54,54,Reddit
3619,2730920,0.0127658325041459,3.8759070000000015,0.0,754.6062448190107,1514,54,1514,LinkedIn
332,352540,0.289238,82.263481,0.0,1061.86747,1514,74,1514,Wikipedia
1502,1157428,0.0230483384410393,3.2136790000000026,0.0,770.5912117177097,1434,86,1434,ChatGPT
401,411863,0.330857,45.003131,0.0,1027.089776,1514,74,1514,Wikipedia
4187,2861188,0.0218525659340659,5.6873099999999965,0.0,683.3503701934559,1514,54,54,LinkedIn
1173,748607,0.0147205042662116,1.5354919999999996,0.0,638.1986359761296,7861,54,54,Reddit
957,812437,0.56617,45.008921,0.0,848.941484,1514,74,1514,Wikipedia
2174,1736902,0.185358,35.491703,0.0,798.942962,1514,54,1514,Wikipedia
633,513315,0.393397,36.209803,0.0,810.924171,1514,74,1514,Wikipedia
1982,973849,0.0172095310449268,1.4559240000000004,0.0,491.3466195761857,1434,86,86,ChatGPT
412,253578,0.0655276569343065,2.516216,0.0,615.4805825242719,1434,86,1434,ChatGPT
3747,2450586,0.029735695,9.347669999999994,0.0,654.0128102481985,1442,74,74,LinkedIn
1582,847846,0.0844454889310563,5.0997270000000015,0.0,535.9329962073325,1434,86,86,ChatGPT
16,2194,3.829345266666667,44.641063,9.200000000220145e-05,137.125,295,86,86,Reddit
8534,8053355,0.0040767602250087,1.2613500000000002,0.0,943.678814155144,15031,54,1242,Reddit
639,516914,0.867268,45.013138,0.0,808.942097,1514,74,1514,Wikipedia
927,762014,0.0199152019438444,4.6144940000000005,0.0,822.0215749730313,1434,86,1434,ChatGPT
659,421478,0.0702414270516717,5.140540000000001,0.0,639.5720789074355,1434,86,1434,ChatGPT
2057,1439098,0.0705514941634241,15.034570000000002,0.0,699.6101118133204,1434,86,1434,ChatGPT
1042,832833,0.0182613784822286,1.2687360000000003,0.0,799.2639155470249,1434,86,1434,ChatGPT
2854,2025140,0.032282628,9.867025999999996,0.0,709.5795374912403,1514,54,1514,LinkedIn
808,803559,0.046798,9.741225,0.0,994.503713,1514,74,1514,Wikipedia
2603,1507206,0.0120919903920061,1.2703659999999992,0.0,579.0265078755282,3660,54,54,Reddit
2222,1434237,0.0065306866276452,0.902013,0.0,645.471197119712,6328,54,1510,Reddit
1058,698412,0.0068863727530747,0.469006,0.0,660.124763705104,3660,54,1510,Reddit
1587,1087830,0.0452534073139974,6.565020999999994,0.0,685.4631379962193,1434,86,1434,ChatGPT
2551,1706454,0.0167094509803921,1.0135560000000012,0.0,668.9353194825559,15405,54,1510,Reddit
2882,1891438,0.0159216719888927,6.360627000000001,0.0,656.2935461,1442,74,74,LinkedIn
512,304259,0.083047301369863,11.884944999999998,0.0,594.255859375,1434,86,86,ChatGPT
2995,2176315,0.0104549241816967,5.495728999999999,0.0,726.6494156928213,1514,54,1514,LinkedIn
2271,1416532,0.0281150365638766,4.159818999999999,0.0,623.7481285777191,1442,74,74,LinkedIn
2277,1823145,0.225795,33.38485,0.0,800.678524,1514,74,1514,Wikipedia
2076,1279110,0.0171929243373493,7.995936999999998,0.0,616.1416184971098,1442,74,74,LinkedIn
3447,2249018,0.0108538456181079,5.466913000000002,0.0,652.4566289527125,1442,74,74,LinkedIn
2944,2218080,0.700056,355.198967,0.0,753.423913,1514,74,1514,Wikipedia
2905,1736438,0.070345153,13.08749499999999,0.0,597.7411359724613,1442,74,74,LinkedIn
1157,905918,0.0382649160899654,4.988439999999997,0.0,782.9887640449438,1434,86,1434,ChatGPT
3537,1481954,0.0128558778280542,2.824202,0.0,418.9861464517953,1434,86,86,ChatGPT
3438,2537626,0.009085427,3.421814000000001,0.0,738.1111111111111,1514,54,1514,LinkedIn
1632,663671,0.024266287553648,1.423649000000001,0.0,406.6611519607843,4975,54,54,Reddit
3023,2237499,0.0188644861019192,4.174109000000001,0.0,740.1584518690044,1514,54,1514,LinkedIn
3270,1970394,0.0109981991434689,3.298861,0.0,602.5669724770643,1442,74,74,LinkedIn
1369,1009091,0.0376246856725146,9.353463,0.0,737.1008035062089,1434,86,1434,ChatGPT
2917,2130609,0.359961,45.014887,0.0,730.411039,1514,74,1514,Wikipedia
859,604953,1.587292,297.244194,0.0,704.252619,1514,74,1514,Wikipedia
